model_name,dataset_path,dataset_config,horizon,num_windows,initial_cutoff,window_step_size,min_context_length,max_context_length,seasonality,eval_metric,extra_metrics,quantile_levels,id_column,timestamp_column,target,generate_univariate_targets_from,known_dynamic_columns,past_dynamic_columns,static_columns,task_name,test_error,training_time_s,inference_time_s,num_forecasts,dataset_fingerprint,trained_on_this_dataset,fev_version,SQL,MASE,WAPE,WQL,model_class,model_kwargs,framework_version,fev_commit
TimesFM-3,autogluon/fev_datasets,proenfo_gfc12,168,10,-1680,168,1,,24,SQL,"['MASE', {'name': 'WAPE', 'epsilon': 1.0}, {'name': 'WQL', 'epsilon': 1.0}]","[0.1, 0.2, 0.3, 0.4, 0.5, 0.6, 0.7, 0.8, 0.9]",id,timestamp,target,,['airtemperature'],[],[],proenfo_gfc12,0.5567789075146656,0.0,23.894550656026695,110,542e70fafa6c1141,False,0.9.0,0.5567789075146656,0.7094601646663061,0.05858625076455032,0.045780100725179455,TimesFM-3,"{""device"": ""cuda"", ""max_context_length"": 15360, ""use_variate_attention"": true}",torch==2.9.1+cu129,main
TimesFM-3,autogluon/fev_datasets,proenfo_gfc14,168,20,-3360,168,1,,24,SQL,"['MASE', {'name': 'WAPE', 'epsilon': 1.0}, {'name': 'WQL', 'epsilon': 1.0}]","[0.1, 0.2, 0.3, 0.4, 0.5, 0.6, 0.7, 0.8, 0.9]",id,timestamp,target,,['airtemperature'],[],[],proenfo_gfc14,0.26914406211853137,0.0,19.9738950470055,20,b496a2fe259b9b2e,False,0.9.0,0.26914406211853137,0.33952502874747703,0.016619050032379536,0.013172402327904707,TimesFM-3,"{""device"": ""cuda"", ""max_context_length"": 15360, ""use_variate_attention"": true}",torch==2.9.1+cu129,main
TimesFM-3,autogluon/fev_datasets,proenfo_gfc17,168,20,-3360,168,1,,24,SQL,"['MASE', {'name': 'WAPE', 'epsilon': 1.0}, {'name': 'WQL', 'epsilon': 1.0}]","[0.1, 0.2, 0.3, 0.4, 0.5, 0.6, 0.7, 0.8, 0.9]",id,timestamp,target,,['airtemperature'],[],[],proenfo_gfc17,0.40699200039436645,0.0,38.59719363198383,160,52bd28b0bd086271,False,0.9.0,0.40699200039436645,0.5163242123989896,0.03331686943702022,0.026201698025571412,TimesFM-3,"{""device"": ""cuda"", ""max_context_length"": 15360, ""use_variate_attention"": true}",torch==2.9.1+cu129,main
TimesFM-3,autogluon/fev_datasets,rohlik_sales_1D,14,1,2023-12-15T00:00:00,14,14,,7,SQL,"['MASE', {'name': 'WAPE', 'epsilon': 1.0}, {'name': 'WQL', 'epsilon': 1.0}]","[0.1, 0.2, 0.3, 0.4, 0.5, 0.6, 0.7, 0.8, 0.9]",id,timestamp,sales,,"['holiday', 'school_holidays', 'sell_price_main', 'shops_closed', 'total_orders', 'type_0_discount', 'type_1_discount', 'type_2_discount', 'type_3_discount', 'type_4_discount', 'type_5_discount', 'type_6_discount', 'winter_school_holidays']",['availability'],"['L1_category_name_en', 'L2_category_name_en', 'L3_category_name_en', 'L4_category_name_en', 'name', 'product_unique_id', 'warehouse']",rohlik_sales_1D,0.905101302255332,0.0,316.79635121600586,4116,8fbcde7781725e42,False,0.9.0,0.905101302255332,1.1266564691012515,0.28327412459461565,0.22631863042910128,TimesFM-3,"{""device"": ""cuda"", ""max_context_length"": 15360, ""use_variate_attention"": true}",torch==2.9.1+cu129,main
TimesFM-3,autogluon/fev_datasets,rohlik_orders_1D,61,5,2023-05-01T00:00:00,61,1,,7,SQL,"['MASE', {'name': 'WAPE', 'epsilon': 1.0}, {'name': 'WQL', 'epsilon': 1.0}]","[0.1, 0.2, 0.3, 0.4, 0.5, 0.6, 0.7, 0.8, 0.9]",id,timestamp,orders,,"['holiday', 'school_holidays', 'shops_closed', 'winter_school_holidays']","['blackout', 'frankfurt_shutdown', 'mini_shutdown', 'mov_change', 'precipitation', 'shutdown', 'snow', 'user_activity_1', 'user_activity_2']",[],rohlik_orders_1D,0.9096350465705763,0.0,2.789015729969833,35,e870b9bb33c73005,False,0.9.0,0.9096350465705763,1.1558164316057475,0.05454191130500434,0.0428078055706984,TimesFM-3,"{""device"": ""cuda"", ""max_context_length"": 15360, ""use_variate_attention"": true}",torch==2.9.1+cu129,main
TimesFM-3,autogluon/fev_datasets,rohlik_sales_1W,8,1,2023-12-15T00:00:00,8,8,,1,SQL,"['MASE', {'name': 'WAPE', 'epsilon': 1.0}, {'name': 'WQL', 'epsilon': 1.0}]","[0.1, 0.2, 0.3, 0.4, 0.5, 0.6, 0.7, 0.8, 0.9]",id,timestamp,sales,,"['holiday', 'school_holidays', 'sell_price_main', 'shops_closed', 'total_orders', 'type_0_discount', 'type_1_discount', 'type_2_discount', 'type_3_discount', 'type_4_discount', 'type_5_discount', 'type_6_discount', 'winter_school_holidays']",['availability'],"['L1_category_name_en', 'L2_category_name_en', 'L3_category_name_en', 'L4_category_name_en', 'name', 'product_unique_id', 'warehouse']",rohlik_sales_1W,1.215477766480507,0.0,115.9934112179908,3942,09ccc385e4401736,False,0.9.0,1.215477766480507,1.4896327644141867,0.22414301775570122,0.18074614994240074,TimesFM-3,"{""device"": ""cuda"", ""max_context_length"": 15360, ""use_variate_attention"": true}",torch==2.9.1+cu129,main
TimesFM-3,autogluon/fev_datasets,rohlik_orders_1W,8,5,2023-05-01T00:00:00,8,1,,1,SQL,"['MASE', {'name': 'WAPE', 'epsilon': 1.0}, {'name': 'WQL', 'epsilon': 1.0}]","[0.1, 0.2, 0.3, 0.4, 0.5, 0.6, 0.7, 0.8, 0.9]",id,timestamp,orders,,"['holiday', 'school_holidays', 'shops_closed', 'winter_school_holidays']","['blackout', 'frankfurt_shutdown', 'mini_shutdown', 'mov_change', 'precipitation', 'shutdown', 'snow', 'user_activity_1', 'user_activity_2']",[],rohlik_orders_1W,1.2535505681047805,0.0,1.3131932770193089,35,91789fb8a7648db1,False,0.9.0,1.2535505681047805,1.5316283614391986,0.049932275427770824,0.040888685139109815,TimesFM-3,"{""device"": ""cuda"", ""max_context_length"": 15360, ""use_variate_attention"": true}",torch==2.9.1+cu129,main
TimesFM-3,autogluon/fev_datasets,entsoe_15T,96,20,-1920,96,1,,96,SQL,"['MASE', {'name': 'WAPE', 'epsilon': 1.0}, {'name': 'WQL', 'epsilon': 1.0}]","[0.1, 0.2, 0.3, 0.4, 0.5, 0.6, 0.7, 0.8, 0.9]",id,timestamp,target,,"['radiation_diffuse_horizontal', 'radiation_direct_horizontal', 'temperature']",[],[],entsoe_15T,0.4962995619795615,0.0,45.361705802963115,120,8ec35ddbd7a93b8f,False,0.9.0,0.4962995619795615,0.6272567330955798,0.04729582926779462,0.037454351915922536,TimesFM-3,"{""device"": ""cuda"", ""max_context_length"": 15360, ""use_variate_attention"": true}",torch==2.9.1+cu129,main
TimesFM-3,autogluon/fev_datasets,entsoe_30T,96,20,-1920,96,1,,48,SQL,"['MASE', {'name': 'WAPE', 'epsilon': 1.0}, {'name': 'WQL', 'epsilon': 1.0}]","[0.1, 0.2, 0.3, 0.4, 0.5, 0.6, 0.7, 0.8, 0.9]",id,timestamp,target,,"['radiation_diffuse_horizontal', 'radiation_direct_horizontal', 'temperature']",[],[],entsoe_30T,0.5349602709456166,0.0,45.14294892695034,120,765a50c9f54521d7,False,0.9.0,0.5349602709456166,0.6501347045926289,0.044469062341837506,0.03671876262290721,TimesFM-3,"{""device"": ""cuda"", ""max_context_length"": 15360, ""use_variate_attention"": true}",torch==2.9.1+cu129,main
TimesFM-3,autogluon/fev_datasets,entsoe_1H,168,20,-3360,168,1,,24,SQL,"['MASE', {'name': 'WAPE', 'epsilon': 1.0}, {'name': 'WQL', 'epsilon': 1.0}]","[0.1, 0.2, 0.3, 0.4, 0.5, 0.6, 0.7, 0.8, 0.9]",id,timestamp,target,,"['radiation_diffuse_horizontal', 'radiation_direct_horizontal', 'temperature']",[],[],entsoe_1H,0.31614686742222925,0.0,45.43608652200783,120,d518ab7c9784448f,False,0.9.0,0.31614686742222925,0.3967896972483514,0.021706856931992036,0.017097817490098623,TimesFM-3,"{""device"": ""cuda"", ""max_context_length"": 15360, ""use_variate_attention"": true}",torch==2.9.1+cu129,main
TimesFM-3,autogluon/fev_datasets,epf_be,24,20,-480,24,1,,24,SQL,"['MASE', {'name': 'WAPE', 'epsilon': 1.0}, {'name': 'WQL', 'epsilon': 1.0}]","[0.1, 0.2, 0.3, 0.4, 0.5, 0.6, 0.7, 0.8, 0.9]",id,timestamp,target,,"['Generation forecast', 'System load forecast']",[],[],epf_be,0.48270842860063634,0.0,21.545851544942707,20,eb294d71559ce5d0,False,0.9.0,0.48270842860063634,0.6103234593515932,0.10843874687070036,0.08562867164293908,TimesFM-3,"{""device"": ""cuda"", ""max_context_length"": 15360, ""use_variate_attention"": true}",torch==2.9.1+cu129,main
TimesFM-3,autogluon/fev_datasets,epf_de,24,20,-480,24,1,,24,SQL,"['MASE', {'name': 'WAPE', 'epsilon': 1.0}, {'name': 'WQL', 'epsilon': 1.0}]","[0.1, 0.2, 0.3, 0.4, 0.5, 0.6, 0.7, 0.8, 0.9]",id,timestamp,target,,"['Ampirion Load Forecast', 'PV+Wind Forecast']",[],[],epf_de,0.48258879292359735,0.0,21.541771340096602,20,e67522ac7896d3fb,False,0.9.0,0.48258879292359735,0.612968303602045,0.3824053067614369,0.29623691524520684,TimesFM-3,"{""device"": ""cuda"", ""max_context_length"": 15360, ""use_variate_attention"": true}",torch==2.9.1+cu129,main
TimesFM-3,autogluon/fev_datasets,epf_fr,24,20,-480,24,1,,24,SQL,"['MASE', {'name': 'WAPE', 'epsilon': 1.0}, {'name': 'WQL', 'epsilon': 1.0}]","[0.1, 0.2, 0.3, 0.4, 0.5, 0.6, 0.7, 0.8, 0.9]",id,timestamp,target,,"['Generation forecast', 'System load forecast']",[],[],epf_fr,0.3317523076039749,0.0,21.501997435931116,20,9da29dbdf2bfbf52,False,0.9.0,0.3317523076039749,0.4165161063229227,0.0622170828981193,0.04988867839980623,TimesFM-3,"{""device"": ""cuda"", ""max_context_length"": 15360, ""use_variate_attention"": true}",torch==2.9.1+cu129,main
TimesFM-3,autogluon/fev_datasets,epf_np,24,20,-480,24,1,,24,SQL,"['MASE', {'name': 'WAPE', 'epsilon': 1.0}, {'name': 'WQL', 'epsilon': 1.0}]","[0.1, 0.2, 0.3, 0.4, 0.5, 0.6, 0.7, 0.8, 0.9]",id,timestamp,target,,"['Grid load forecast', 'Wind power forecast']",[],[],epf_np,0.7157017206599133,0.0,21.40914621797856,20,aea7ca30cd3827d7,False,0.9.0,0.7157017206599133,0.9395162921473286,0.04259891447028093,0.0324799362557875,TimesFM-3,"{""device"": ""cuda"", ""max_context_length"": 15360, ""use_variate_attention"": true}",torch==2.9.1+cu129,main
TimesFM-3,autogluon/fev_datasets,epf_pjm,24,20,-480,24,1,,24,SQL,"['MASE', {'name': 'WAPE', 'epsilon': 1.0}, {'name': 'WQL', 'epsilon': 1.0}]","[0.1, 0.2, 0.3, 0.4, 0.5, 0.6, 0.7, 0.8, 0.9]",id,timestamp,target,,"['System load forecast', 'Zonal COMED load foecast']",[],[],epf_pjm,0.4113325421437234,0.0,21.495060540968552,20,6bec68b398d803d3,False,0.9.0,0.4113325421437234,0.5183920140062022,0.0899115618745587,0.07135998698574665,TimesFM-3,"{""device"": ""cuda"", ""max_context_length"": 15360, ""use_variate_attention"": true}",torch==2.9.1+cu129,main
TimesFM-3,autogluon/fev_datasets,rossmann_1D,48,10,-480,48,1,,7,SQL,"['MASE', {'name': 'WAPE', 'epsilon': 1.0}, {'name': 'WQL', 'epsilon': 1.0}]","[0.1, 0.2, 0.3, 0.4, 0.5, 0.6, 0.7, 0.8, 0.9]",id,timestamp,Sales,,"['DayOfWeek', 'Open', 'Promo', 'SchoolHoliday', 'StateHoliday']",['Customers'],"['Assortment', 'CompetitionDistance', 'CompetitionOpenSinceMonth', 'CompetitionOpenSinceYear', 'Promo2', 'Promo2SinceWeek', 'Promo2SinceYear', 'PromoInterval', 'Store', 'StoreType']",rossmann_1D,0.3391169798744079,0.0,267.51916959302616,11150,d6dc0ada1f1bf668,False,0.9.0,0.3391169798744079,0.42527718416346927,0.14436288411853648,0.11512324769255955,TimesFM-3,"{""device"": ""cuda"", ""max_context_length"": 15360, ""use_variate_attention"": true}",torch==2.9.1+cu129,main
TimesFM-3,autogluon/fev_datasets,rossmann_1W,13,8,-104,13,1,,1,SQL,"['MASE', {'name': 'WAPE', 'epsilon': 1.0}, {'name': 'WQL', 'epsilon': 1.0}]","[0.1, 0.2, 0.3, 0.4, 0.5, 0.6, 0.7, 0.8, 0.9]",id,timestamp,Sales,,"['Open', 'Promo', 'SchoolHoliday', 'StateHoliday']",['Customers'],"['Assortment', 'CompetitionDistance', 'CompetitionOpenSinceMonth', 'CompetitionOpenSinceYear', 'Promo2', 'Promo2SinceWeek', 'Promo2SinceYear', 'PromoInterval', 'Store', 'StoreType']",rossmann_1W,0.2967838112903127,0.0,77.39475391904125,8920,3c3159ba2d77e11a,False,0.9.0,0.2967838112903127,0.3526853774800942,0.09191795802897776,0.07762945811638683,TimesFM-3,"{""device"": ""cuda"", ""max_context_length"": 15360, ""use_variate_attention"": true}",torch==2.9.1+cu129,main
TimesFM-3,autogluon/fev_datasets,restaurant,28,8,-224,28,1,,7,SQL,"['MASE', {'name': 'WAPE', 'epsilon': 1.0}, {'name': 'WQL', 'epsilon': 1.0}]","[0.1, 0.2, 0.3, 0.4, 0.5, 0.6, 0.7, 0.8, 0.9]",id,timestamp,target,,[],[],"['air_area_name', 'air_genre_name', 'latitude', 'longitude']",restaurant,0.7001066108808682,0.0,39.2339263909671,6502,7c97780975320d0e,False,0.9.0,0.7001066108808682,0.8823142940331615,0.3564822789151135,0.2802224918337458,TimesFM-3,"{""device"": ""cuda"", ""max_context_length"": 15360, ""use_variate_attention"": true}",torch==2.9.1+cu129,main
TimesFM-3,autogluon/fev_datasets,hermes,52,1,-52,52,1,,1,SQL,"['MASE', {'name': 'WAPE', 'epsilon': 1.0}, {'name': 'WQL', 'epsilon': 1.0}]","[0.1, 0.2, 0.3, 0.4, 0.5, 0.6, 0.7, 0.8, 0.9]",id,timestamp,target,,['external'],[],"['category', 'country']",hermes,0.5981372032951682,0.0,60.04904457900557,10000,895c48174114b4cc,False,0.9.0,0.5981372032951682,0.7600838167134337,0.0027983739952408718,0.002204674130673609,TimesFM-3,"{""device"": ""cuda"", ""max_context_length"": 15360, ""use_variate_attention"": true}",torch==2.9.1+cu129,main
TimesFM-3,autogluon/fev_datasets,walmart,39,1,-39,39,1,,1,SQL,"['MASE', {'name': 'WAPE', 'epsilon': 1.0}, {'name': 'WQL', 'epsilon': 1.0}]","[0.1, 0.2, 0.3, 0.4, 0.5, 0.6, 0.7, 0.8, 0.9]",id,timestamp,target,,"['CPI', 'Fuel_Price', 'IsHoliday', 'MarkDown1', 'MarkDown2', 'MarkDown3', 'MarkDown4', 'MarkDown5', 'Temperature', 'Unemployment']",[],"['Dept', 'Size', 'Store', 'Type']",walmart,0.6850262957639248,0.0,56.81533450100687,2936,fbc0a4aec358c239,False,0.9.0,0.6850262957639248,0.861239756934513,0.10191473305888171,0.0808920247113702,TimesFM-3,"{""device"": ""cuda"", ""max_context_length"": 15360, ""use_variate_attention"": true}",torch==2.9.1+cu129,main
TimesFM-3,autogluon/fev_datasets,m5_1D,28,1,-28,28,1,,7,SQL,"['MASE', {'name': 'WAPE', 'epsilon': 1.0}, {'name': 'WQL', 'epsilon': 1.0}]","[0.1, 0.2, 0.3, 0.4, 0.5, 0.6, 0.7, 0.8, 0.9]",id,timestamp,target,,"['event_Cultural', 'event_National', 'event_Religious', 'event_Sporting', 'sell_price', 'snap_CA', 'snap_TX', 'snap_WI']",[],"['cat_id', 'dept_id', 'item_id', 'state_id', 'store_id']",m5_1D,0.7077473387385875,0.0,2044.1533704689937,30490,61931f915110d213,False,0.9.0,0.7077473387385875,0.8685193844080794,0.6934508605294497,0.5450423775115465,TimesFM-3,"{""device"": ""cuda"", ""max_context_length"": 15360, ""use_variate_attention"": true}",torch==2.9.1+cu129,main
TimesFM-3,autogluon/fev_datasets,m5_1W,13,1,-13,13,1,,1,SQL,"['MASE', {'name': 'WAPE', 'epsilon': 1.0}, {'name': 'WQL', 'epsilon': 1.0}]","[0.1, 0.2, 0.3, 0.4, 0.5, 0.6, 0.7, 0.8, 0.9]",id,timestamp,target,,"['event_Cultural', 'event_National', 'event_Religious', 'event_Sporting', 'sell_price', 'snap_CA', 'snap_TX', 'snap_WI']",[],"['cat_id', 'dept_id', 'item_id', 'state_id', 'store_id']",m5_1W,0.8781768552947953,0.0,634.6926450630126,30490,a1474019d1af8dc7,False,0.9.0,0.8781768552947953,1.1150603164202577,0.4148076934875371,0.3262711504712344,TimesFM-3,"{""device"": ""cuda"", ""max_context_length"": 15360, ""use_variate_attention"": true}",torch==2.9.1+cu129,main
TimesFM-3,autogluon/fev_datasets,m5_1M,12,1,-12,12,6,,12,SQL,"['MASE', {'name': 'WAPE', 'epsilon': 1.0}, {'name': 'WQL', 'epsilon': 1.0}]","[0.1, 0.2, 0.3, 0.4, 0.5, 0.6, 0.7, 0.8, 0.9]",id,timestamp,target,,"['event_Cultural', 'event_National', 'event_Religious', 'event_Sporting', 'sell_price', 'snap_CA', 'snap_TX', 'snap_WI']",[],"['cat_id', 'dept_id', 'item_id', 'state_id', 'store_id']",m5_1M,0.9617014228372059,0.0,398.60653511900455,29364,fa0ca693f47ba4c0,False,0.9.0,0.9617014228372059,1.1426631009805341,0.4173608026641919,0.33191315026061574,TimesFM-3,"{""device"": ""cuda"", ""max_context_length"": 15360, ""use_variate_attention"": true}",torch==2.9.1+cu129,main
TimesFM-3,autogluon/fev_datasets,hierarchical_sales_1D,28,10,-280,28,1,,7,SQL,"['MASE', {'name': 'WAPE', 'epsilon': 1.0}, {'name': 'WQL', 'epsilon': 1.0}]","[0.1, 0.2, 0.3, 0.4, 0.5, 0.6, 0.7, 0.8, 0.9]",id,timestamp,target,,[],[],[],hierarchical_sales_1D,0.5487394120839723,0.0,17.525919947074726,1180,3f45cd2f53525af8,False,0.9.0,0.5487394120839723,0.6873916095194924,0.6921687690993225,0.5575709501102303,TimesFM-3,"{""device"": ""cuda"", ""max_context_length"": 15360, ""use_variate_attention"": true}",torch==2.9.1+cu129,main
TimesFM-3,autogluon/fev_datasets,hierarchical_sales_1W,13,10,-130,13,1,,1,SQL,"['MASE', {'name': 'WAPE', 'epsilon': 1.0}, {'name': 'WQL', 'epsilon': 1.0}]","[0.1, 0.2, 0.3, 0.4, 0.5, 0.6, 0.7, 0.8, 0.9]",id,timestamp,target,,[],[],[],hierarchical_sales_1W,0.6151351162124609,0.0,6.093016016064212,1180,0624f029664fdc8f,False,0.9.0,0.6151351162124609,0.7503622127696442,0.4296581453112469,0.3653665527719577,TimesFM-3,"{""device"": ""cuda"", ""max_context_length"": 15360, ""use_variate_attention"": true}",torch==2.9.1+cu129,main
TimesFM-3,autogluon/fev_datasets,favorita_stores_1D,28,10,-280,28,1,,7,SQL,"['MASE', {'name': 'WAPE', 'epsilon': 1.0}, {'name': 'WQL', 'epsilon': 1.0}]","[0.1, 0.2, 0.3, 0.4, 0.5, 0.6, 0.7, 0.8, 0.9]",id,timestamp,sales,,"['holiday', 'onpromotion']",['oil_price'],"['city', 'cluster', 'family', 'state', 'store_nbr', 'type']",favorita_stores_1D,0.9151254266814606,0.0,449.51201153200236,15790,bd2a166189be50d5,False,0.9.0,0.9151254266814606,1.1346882839340209,0.14122313247457105,0.11455134097563299,TimesFM-3,"{""device"": ""cuda"", ""max_context_length"": 15360, ""use_variate_attention"": true}",torch==2.9.1+cu129,main
TimesFM-3,autogluon/fev_datasets,favorita_stores_1W,13,10,-130,13,1,,1,SQL,"['MASE', {'name': 'WAPE', 'epsilon': 1.0}, {'name': 'WQL', 'epsilon': 1.0}]","[0.1, 0.2, 0.3, 0.4, 0.5, 0.6, 0.7, 0.8, 0.9]",id,timestamp,sales,,['onpromotion'],['oil_price'],"['city', 'cluster', 'family', 'state', 'store_nbr', 'type']",favorita_stores_1W,2.152678014056253,0.0,109.38704904998303,15790,d4aa692f4e02bcac,False,0.9.0,2.152678014056253,2.519369940626717,0.11580678021158242,0.09495119197410404,TimesFM-3,"{""device"": ""cuda"", ""max_context_length"": 15360, ""use_variate_attention"": true}",torch==2.9.1+cu129,main
TimesFM-3,autogluon/fev_datasets,favorita_stores_1M,12,2,-24,12,1,,12,SQL,"['MASE', {'name': 'WAPE', 'epsilon': 1.0}, {'name': 'WQL', 'epsilon': 1.0}]","[0.1, 0.2, 0.3, 0.4, 0.5, 0.6, 0.7, 0.8, 0.9]",id,timestamp,sales,,['onpromotion'],['oil_price'],"['city', 'cluster', 'family', 'state', 'store_nbr', 'type']",favorita_stores_1M,1.8126803887236926,0.0,17.67665384200518,3158,a13ef3574dbb7183,False,0.9.0,1.8126803887236926,2.0996974446051317,0.13821701612583193,0.11568028803944322,TimesFM-3,"{""device"": ""cuda"", ""max_context_length"": 15360, ""use_variate_attention"": true}",torch==2.9.1+cu129,main
TimesFM-3,autogluon/fev_datasets,favorita_transactions_1D,28,10,-280,28,1,,7,SQL,"['MASE', {'name': 'WAPE', 'epsilon': 1.0}, {'name': 'WQL', 'epsilon': 1.0}]","[0.1, 0.2, 0.3, 0.4, 0.5, 0.6, 0.7, 0.8, 0.9]",id,timestamp,transactions,,['holiday'],['oil_price'],"['city', 'cluster', 'state', 'store_nbr', 'type']",favorita_transactions_1D,0.803757191393579,0.0,12.696616826957325,510,c35918f99475ba8d,False,0.9.0,0.803757191393579,0.9508063478803761,0.06790899548457804,0.055909538885102326,TimesFM-3,"{""device"": ""cuda"", ""max_context_length"": 15360, ""use_variate_attention"": true}",torch==2.9.1+cu129,main
TimesFM-3,autogluon/fev_datasets,favorita_transactions_1W,13,10,-130,13,1,,1,SQL,"['MASE', {'name': 'WAPE', 'epsilon': 1.0}, {'name': 'WQL', 'epsilon': 1.0}]","[0.1, 0.2, 0.3, 0.4, 0.5, 0.6, 0.7, 0.8, 0.9]",id,timestamp,transactions,,[],['oil_price'],"['city', 'cluster', 'state', 'store_nbr', 'type']",favorita_transactions_1W,1.2085568379398746,0.0,3.373012106952956,510,68569e4a49c6cb74,False,0.9.0,1.2085568379398746,1.4060267143042549,0.05563928669577598,0.047038704876708325,TimesFM-3,"{""device"": ""cuda"", ""max_context_length"": 15360, ""use_variate_attention"": true}",torch==2.9.1+cu129,main
TimesFM-3,autogluon/fev_datasets,favorita_transactions_1M,12,2,-24,12,1,,12,SQL,"['MASE', {'name': 'WAPE', 'epsilon': 1.0}, {'name': 'WQL', 'epsilon': 1.0}]","[0.1, 0.2, 0.3, 0.4, 0.5, 0.6, 0.7, 0.8, 0.9]",id,timestamp,transactions,,[],['oil_price'],"['city', 'cluster', 'state', 'store_nbr', 'type']",favorita_transactions_1M,1.0185171132959558,0.0,0.6345252209866885,102,32e9bb4c8b1f7a35,False,0.9.0,1.0185171132959558,1.3088621643565261,0.07512477109199016,0.06451067308145825,TimesFM-3,"{""device"": ""cuda"", ""max_context_length"": 15360, ""use_variate_attention"": true}",torch==2.9.1+cu129,main
TimesFM-3,autogluon/fev_datasets,solar_with_weather_15T,96,20,-1920,96,1,,96,SQL,"['MASE', {'name': 'WAPE', 'epsilon': 1.0}, {'name': 'WQL', 'epsilon': 1.0}]","[0.1, 0.2, 0.3, 0.4, 0.5, 0.6, 0.7, 0.8, 0.9]",id,timestamp,target,,"['day_length', 'humidity', 'pressure', 'rain_1h', 'snow_1h', 'temp', 'wind_speed']","['clouds_all', 'global_horizontal_irradiance']",[],solar_with_weather_15T,0.6911170407618443,0.0,28.943787198135396,20,8034077afff54b4a,False,0.9.0,0.6911170407618443,0.8796512023355907,1.1247945999796276,0.9162009775864325,TimesFM-3,"{""device"": ""cuda"", ""max_context_length"": 15360, ""use_variate_attention"": true}",torch==2.9.1+cu129,main
TimesFM-3,autogluon/fev_datasets,solar_with_weather_1H,24,20,-480,24,1,,24,SQL,"['MASE', {'name': 'WAPE', 'epsilon': 1.0}, {'name': 'WQL', 'epsilon': 1.0}]","[0.1, 0.2, 0.3, 0.4, 0.5, 0.6, 0.7, 0.8, 0.9]",id,timestamp,target,,"['day_length', 'humidity', 'pressure', 'rain_1h', 'snow_1h', 'temp', 'wind_speed']","['clouds_all', 'global_horizontal_irradiance']",[],solar_with_weather_1H,0.6845331064522041,0.0,28.523513952008216,20,cb3609c0ddf202a5,False,0.9.0,0.6845331064522041,0.8645977953125954,1.002663802219334,0.8461666627873731,TimesFM-3,"{""device"": ""cuda"", ""max_context_length"": 15360, ""use_variate_attention"": true}",torch==2.9.1+cu129,main
TimesFM-3,autogluon/fev_datasets,solar_1D,28,10,-280,28,1,,1,SQL,"['MASE', {'name': 'WAPE', 'epsilon': 1.0}, {'name': 'WQL', 'epsilon': 1.0}]","[0.1, 0.2, 0.3, 0.4, 0.5, 0.6, 0.7, 0.8, 0.9]",id,timestamp,target,,[],[],[],solar_1D,0.6037478564645873,0.0,8.600841300998582,1370,089efb76bc26fd0d,False,0.9.0,0.6037478564645873,0.77759340523658,0.24374727694046694,0.18851062315658598,TimesFM-3,"{""device"": ""cuda"", ""max_context_length"": 15360, ""use_variate_attention"": true}",torch==2.9.1+cu129,main
TimesFM-3,autogluon/fev_datasets,solar_1W,13,1,-13,13,1,,1,SQL,"['MASE', {'name': 'WAPE', 'epsilon': 1.0}, {'name': 'WQL', 'epsilon': 1.0}]","[0.1, 0.2, 0.3, 0.4, 0.5, 0.6, 0.7, 0.8, 0.9]",id,timestamp,target,,[],[],[],solar_1W,0.9427722194176504,0.0,0.8049084960075561,137,098c3ea83b3d6935,False,0.9.0,0.9427722194176504,1.2629073643236606,0.21322509930407785,0.1591593528479839,TimesFM-3,"{""device"": ""cuda"", ""max_context_length"": 15360, ""use_variate_attention"": true}",torch==2.9.1+cu129,main
TimesFM-3,autogluon/fev_datasets,kdd_cup_2022_10T,288,10,-2880,288,1,,144,SQL,"['MASE', {'name': 'WAPE', 'epsilon': 1.0}, {'name': 'WQL', 'epsilon': 1.0}]","[0.1, 0.2, 0.3, 0.4, 0.5, 0.6, 0.7, 0.8, 0.9]",id,timestamp,Patv,,[],"['Etmp', 'Itmp', 'Ndir', 'Pab1', 'Pab2', 'Pab3', 'Prtv', 'Wdir', 'Wspd']",[],kdd_cup_2022_10T,0.42932040066566285,0.0,852.3485941330146,1340,23fcde52580d97ec,False,0.9.0,0.42932040066566285,0.5272094531590245,1.4857354870652744,1.3262501134856253,TimesFM-3,"{""device"": ""cuda"", ""max_context_length"": 15360, ""use_variate_attention"": true}",torch==2.9.1+cu129,main
TimesFM-3,autogluon/fev_datasets,kdd_cup_2022_30T,96,10,-960,96,1,,48,SQL,"['MASE', {'name': 'WAPE', 'epsilon': 1.0}, {'name': 'WQL', 'epsilon': 1.0}]","[0.1, 0.2, 0.3, 0.4, 0.5, 0.6, 0.7, 0.8, 0.9]",id,timestamp,Patv,,[],"['Etmp', 'Itmp', 'Ndir', 'Pab1', 'Pab2', 'Pab3', 'Prtv', 'Wdir', 'Wspd']",[],kdd_cup_2022_30T,0.4269020048875146,0.0,610.0471545610344,1340,5e259fcc1265b5e6,False,0.9.0,0.4269020048875146,0.5266950983647634,1.6008820065742415,1.3824896278150998,TimesFM-3,"{""device"": ""cuda"", ""max_context_length"": 15360, ""use_variate_attention"": true}",torch==2.9.1+cu129,main
TimesFM-3,autogluon/fev_datasets,kdd_cup_2022_1D,14,10,-140,14,1,,1,SQL,"['MASE', {'name': 'WAPE', 'epsilon': 1.0}, {'name': 'WQL', 'epsilon': 1.0}]","[0.1, 0.2, 0.3, 0.4, 0.5, 0.6, 0.7, 0.8, 0.9]",id,timestamp,Patv,,[],"['Etmp', 'Itmp', 'Ndir', 'Pab1', 'Pab2', 'Pab3', 'Prtv', 'Wdir', 'Wspd']",[],kdd_cup_2022_1D,0.7001636633697494,0.0,20.47890279692365,1340,77848f0da8cb1683,False,0.9.0,0.7001636633697494,0.8971326115142029,0.7139363007583739,0.5567758978359908,TimesFM-3,"{""device"": ""cuda"", ""max_context_length"": 15360, ""use_variate_attention"": true}",torch==2.9.1+cu129,main
TimesFM-3,autogluon/fev_datasets,uci_air_quality_1H,168,20,-3360,168,1,,24,SQL,"['MASE', {'name': 'WAPE', 'epsilon': 1.0}, {'name': 'WQL', 'epsilon': 1.0}]","[0.1, 0.2, 0.3, 0.4, 0.5, 0.6, 0.7, 0.8, 0.9]",id,timestamp,"['C6H6(GT)', 'CO(GT)', 'NO2(GT)', 'NOx(GT)']",,"['AH', 'RH', 'T']",[],[],uci_air_quality_1H,0.7906874075624073,0.0,14.142413551046047,80,e5ea3dd679288107,False,0.9.0,0.7906874075624073,1.019178682349445,0.321610278440696,0.24988847285217872,TimesFM-3,"{""device"": ""cuda"", ""max_context_length"": 15360, ""use_variate_attention"": true}",torch==2.9.1+cu129,main
TimesFM-3,autogluon/fev_datasets,uci_air_quality_1D,28,11,-308,28,1,,7,SQL,"['MASE', {'name': 'WAPE', 'epsilon': 1.0}, {'name': 'WQL', 'epsilon': 1.0}]","[0.1, 0.2, 0.3, 0.4, 0.5, 0.6, 0.7, 0.8, 0.9]",id,timestamp,"['C6H6(GT)', 'CO(GT)', 'NO2(GT)', 'NOx(GT)']",,"['AH', 'RH', 'T']",[],[],uci_air_quality_1D,1.0905943642662572,0.0,2.395071365055628,44,43fb5d5ff04d71a5,False,0.9.0,1.0905943642662572,1.36822942378585,0.2769389353295101,0.21904052780683142,TimesFM-3,"{""device"": ""cuda"", ""max_context_length"": 15360, ""use_variate_attention"": true}",torch==2.9.1+cu129,main
TimesFM-3,autogluon/fev_datasets,LOOP_SEATTLE_5T,288,10,-2880,288,1,,288,SQL,"['MASE', {'name': 'WAPE', 'epsilon': 1.0}, {'name': 'WQL', 'epsilon': 1.0}]","[0.1, 0.2, 0.3, 0.4, 0.5, 0.6, 0.7, 0.8, 0.9]",id,timestamp,target,,[],[],[],LOOP_SEATTLE_5T,0.5514913651106977,0.0,381.25736238699756,3230,51aeb676cd5dd3ed,False,0.9.0,0.5514913651106977,0.6952490626509273,0.0746668739367308,0.05914186604706848,TimesFM-3,"{""device"": ""cuda"", ""max_context_length"": 15360, ""use_variate_attention"": true}",torch==2.9.1+cu129,main
TimesFM-3,autogluon/fev_datasets,LOOP_SEATTLE_1D,28,10,-280,28,1,,7,SQL,"['MASE', {'name': 'WAPE', 'epsilon': 1.0}, {'name': 'WQL', 'epsilon': 1.0}]","[0.1, 0.2, 0.3, 0.4, 0.5, 0.6, 0.7, 0.8, 0.9]",id,timestamp,target,,[],[],[],LOOP_SEATTLE_1D,0.7586996718524642,0.0,18.146880795015022,3230,d7400c304196efe7,False,0.9.0,0.7586996718524642,0.9312832318522635,0.035330927496687654,0.02872311402021648,TimesFM-3,"{""device"": ""cuda"", ""max_context_length"": 15360, ""use_variate_attention"": true}",torch==2.9.1+cu129,main
TimesFM-3,autogluon/fev_datasets,LOOP_SEATTLE_1H,168,10,-1680,168,1,,24,SQL,"['MASE', {'name': 'WAPE', 'epsilon': 1.0}, {'name': 'WQL', 'epsilon': 1.0}]","[0.1, 0.2, 0.3, 0.4, 0.5, 0.6, 0.7, 0.8, 0.9]",id,timestamp,target,,[],[],[],LOOP_SEATTLE_1H,0.5618832631776781,0.0,190.32027593895327,3230,84eb04d3cee92c46,False,0.9.0,0.5618832631776781,0.6936984677138734,0.05913720565442019,0.04783829535558574,TimesFM-3,"{""device"": ""cuda"", ""max_context_length"": 15360, ""use_variate_attention"": true}",torch==2.9.1+cu129,main
TimesFM-3,autogluon/fev_datasets,M_DENSE_1D,28,10,-280,28,1,,7,SQL,"['MASE', {'name': 'WAPE', 'epsilon': 1.0}, {'name': 'WQL', 'epsilon': 1.0}]","[0.1, 0.2, 0.3, 0.4, 0.5, 0.6, 0.7, 0.8, 0.9]",id,timestamp,target,,[],[],[],M_DENSE_1D,0.6523140960577665,0.0,2.9458827580383513,300,f50ae452affb3e35,False,0.9.0,0.6523140960577665,0.7859314897622236,0.08638536399090922,0.07244201238424813,TimesFM-3,"{""device"": ""cuda"", ""max_context_length"": 15360, ""use_variate_attention"": true}",torch==2.9.1+cu129,main
TimesFM-3,autogluon/fev_datasets,M_DENSE_1H,168,10,-1680,168,1,,24,SQL,"['MASE', {'name': 'WAPE', 'epsilon': 1.0}, {'name': 'WQL', 'epsilon': 1.0}]","[0.1, 0.2, 0.3, 0.4, 0.5, 0.6, 0.7, 0.8, 0.9]",id,timestamp,target,,[],[],[],M_DENSE_1H,0.5078659107349736,0.0,34.377196751971496,300,1f0ec0f772f352c9,False,0.9.0,0.5078659107349736,0.6236332471871477,0.12797042308702927,0.10357007962331888,TimesFM-3,"{""device"": ""cuda"", ""max_context_length"": 15360, ""use_variate_attention"": true}",torch==2.9.1+cu129,main
TimesFM-3,autogluon/fev_datasets,SZ_TAXI_15T,96,10,-960,96,1,,96,SQL,"['MASE', {'name': 'WAPE', 'epsilon': 1.0}, {'name': 'WQL', 'epsilon': 1.0}]","[0.1, 0.2, 0.3, 0.4, 0.5, 0.6, 0.7, 0.8, 0.9]",id,timestamp,target,,[],[],[],SZ_TAXI_15T,0.3923534972690371,0.0,32.12823099497473,1560,e47b557421820cb4,False,0.9.0,0.3923534972690371,0.4993069753857816,0.23892686793613235,0.1874775574670878,TimesFM-3,"{""device"": ""cuda"", ""max_context_length"": 15360, ""use_variate_attention"": true}",torch==2.9.1+cu129,main
TimesFM-3,autogluon/fev_datasets,SZ_TAXI_1H,168,2,-336,168,1,,24,SQL,"['MASE', {'name': 'WAPE', 'epsilon': 1.0}, {'name': 'WQL', 'epsilon': 1.0}]","[0.1, 0.2, 0.3, 0.4, 0.5, 0.6, 0.7, 0.8, 0.9]",id,timestamp,target,,[],[],[],SZ_TAXI_1H,0.4009352784980471,0.0,2.471272433991544,312,6eb12323a74867f1,False,0.9.0,0.4009352784980471,0.48955491580870714,0.1646370202624492,0.13516199276019464,TimesFM-3,"{""device"": ""cuda"", ""max_context_length"": 15360, ""use_variate_attention"": true}",torch==2.9.1+cu129,main
TimesFM-3,autogluon/fev_datasets,redset_5T,288,10,-2880,288,1,,288,SQL,"['MASE', {'name': 'WAPE', 'epsilon': 1.0}, {'name': 'WQL', 'epsilon': 1.0}]","[0.1, 0.2, 0.3, 0.4, 0.5, 0.6, 0.7, 0.8, 0.9]",id,timestamp,target,,[],[],['subset'],redset_5T,0.6468969141328669,0.0,133.98430884702248,1180,6bc47cbc4c58f1f9,False,0.9.0,0.6468969141328669,0.7682841387259947,0.3018190801937509,0.24899216250818404,TimesFM-3,"{""device"": ""cuda"", ""max_context_length"": 15360, ""use_variate_attention"": true}",torch==2.9.1+cu129,main
TimesFM-3,autogluon/fev_datasets,redset_15T,96,10,-960,96,1,,96,SQL,"['MASE', {'name': 'WAPE', 'epsilon': 1.0}, {'name': 'WQL', 'epsilon': 1.0}]","[0.1, 0.2, 0.3, 0.4, 0.5, 0.6, 0.7, 0.8, 0.9]",id,timestamp,target,,[],[],['subset'],redset_15T,0.703540596141381,0.0,75.74339000397595,1260,588a03228e4f4adf,False,0.9.0,0.703540596141381,0.8334944066097705,0.26413186838629005,0.2183833254506963,TimesFM-3,"{""device"": ""cuda"", ""max_context_length"": 15360, ""use_variate_attention"": true}",torch==2.9.1+cu129,main
TimesFM-3,autogluon/fev_datasets,redset_1H,24,10,-240,24,1,,24,SQL,"['MASE', {'name': 'WAPE', 'epsilon': 1.0}, {'name': 'WQL', 'epsilon': 1.0}]","[0.1, 0.2, 0.3, 0.4, 0.5, 0.6, 0.7, 0.8, 0.9]",id,timestamp,target,,[],[],['subset'],redset_1H,1.3329761323748106,0.0,25.947405493963743,1380,e6a3754f8100b607,False,0.9.0,1.3329761323748106,1.4638366852136708,0.21865363874644794,0.18322327000168484,TimesFM-3,"{""device"": ""cuda"", ""max_context_length"": 15360, ""use_variate_attention"": true}",torch==2.9.1+cu129,main
TimesFM-3,autogluon/fev_datasets,hospital_admissions_1D,28,20,-560,28,1,,7,SQL,"['MASE', {'name': 'WAPE', 'epsilon': 1.0}, {'name': 'WQL', 'epsilon': 1.0}]","[0.1, 0.2, 0.3, 0.4, 0.5, 0.6, 0.7, 0.8, 0.9]",id,timestamp,target,,[],[],[],hospital_admissions_1D,0.555198921115305,0.0,5.772191590920556,160,9f7f3b017a07bdf3,False,0.9.0,0.555198921115305,0.7180431104068239,0.5326519244116432,0.41181605659338255,TimesFM-3,"{""device"": ""cuda"", ""max_context_length"": 15360, ""use_variate_attention"": true}",torch==2.9.1+cu129,main
TimesFM-3,autogluon/fev_datasets,hospital_admissions_1W,13,16,-208,13,1,,1,SQL,"['MASE', {'name': 'WAPE', 'epsilon': 1.0}, {'name': 'WQL', 'epsilon': 1.0}]","[0.1, 0.2, 0.3, 0.4, 0.5, 0.6, 0.7, 0.8, 0.9]",id,timestamp,target,,[],[],[],hospital_admissions_1W,0.5813791253914526,0.0,3.441620982979657,128,63f683b064bb1e1c,False,0.9.0,0.5813791253914526,0.7565832729911113,0.2129910298590793,0.16371480362258858,TimesFM-3,"{""device"": ""cuda"", ""max_context_length"": 15360, ""use_variate_attention"": true}",torch==2.9.1+cu129,main
TimesFM-3,autogluon/fev_datasets,ETT_1W,13,5,-65,13,1,,1,SQL,"['MASE', {'name': 'WAPE', 'epsilon': 1.0}, {'name': 'WQL', 'epsilon': 1.0}]","[0.1, 0.2, 0.3, 0.4, 0.5, 0.6, 0.7, 0.8, 0.9]",id,timestamp,"['HUFL', 'HULL', 'LUFL', 'LULL', 'MUFL', 'MULL', 'OT']",,[],[],[],ETT_1W,2.4006273822757036,0.0,1.0796452279610094,70,8f5e42f5f75bf725,False,0.9.0,2.4006273822757036,2.7941718567537626,0.5144633519481202,0.40799331517473253,TimesFM-3,"{""device"": ""cuda"", ""max_context_length"": 15360, ""use_variate_attention"": true}",torch==2.9.1+cu129,main
TimesFM-3,autogluon/fev_datasets,ETT_1D,28,20,-560,28,1,,7,SQL,"['MASE', {'name': 'WAPE', 'epsilon': 1.0}, {'name': 'WQL', 'epsilon': 1.0}]","[0.1, 0.2, 0.3, 0.4, 0.5, 0.6, 0.7, 0.8, 0.9]",id,timestamp,"['HUFL', 'HULL', 'LUFL', 'LULL', 'MUFL', 'MULL', 'OT']",,[],[],[],ETT_1D,1.1282151606106625,0.0,4.671513854991645,280,86228085e2fc3a6f,False,0.9.0,1.1282151606106625,1.3606384715686113,0.33021807396844005,0.26441442002451687,TimesFM-3,"{""device"": ""cuda"", ""max_context_length"": 15360, ""use_variate_attention"": true}",torch==2.9.1+cu129,main
TimesFM-3,autogluon/fev_datasets,ETT_1H,168,20,-3360,168,1,,24,SQL,"['MASE', {'name': 'WAPE', 'epsilon': 1.0}, {'name': 'WQL', 'epsilon': 1.0}]","[0.1, 0.2, 0.3, 0.4, 0.5, 0.6, 0.7, 0.8, 0.9]",id,timestamp,"['HUFL', 'HULL', 'LUFL', 'LULL', 'MUFL', 'MULL', 'OT']",,[],[],[],ETT_1H,0.8300859700899366,0.0,32.418121148017235,280,0eca8ff9060969cf,False,0.9.0,0.8300859700899366,1.0648078176565907,0.2319908214825225,0.1805280555208946,TimesFM-3,"{""device"": ""cuda"", ""max_context_length"": 15360, ""use_variate_attention"": true}",torch==2.9.1+cu129,main
TimesFM-3,autogluon/fev_datasets,ETT_15T,96,20,-1920,96,1,,96,SQL,"['MASE', {'name': 'WAPE', 'epsilon': 1.0}, {'name': 'WQL', 'epsilon': 1.0}]","[0.1, 0.2, 0.3, 0.4, 0.5, 0.6, 0.7, 0.8, 0.9]",id,timestamp,"['HUFL', 'HULL', 'LUFL', 'LULL', 'MUFL', 'MULL', 'OT']",,[],[],[],ETT_15T,0.5433074462842196,0.0,33.04924135105102,280,e85b0246502e0a3b,False,0.9.0,0.5433074462842196,0.6967223499377394,0.11209329758389472,0.08728027122324258,TimesFM-3,"{""device"": ""cuda"", ""max_context_length"": 15360, ""use_variate_attention"": true}",torch==2.9.1+cu129,main
TimesFM-3,autogluon/fev_datasets,hospital,12,4,-48,12,1,,12,SQL,"['MASE', {'name': 'WAPE', 'epsilon': 1.0}, {'name': 'WQL', 'epsilon': 1.0}]","[0.1, 0.2, 0.3, 0.4, 0.5, 0.6, 0.7, 0.8, 0.9]",id,timestamp,target,,[],[],[],hospital,0.6824867961109091,0.0,14.116561547009042,3068,77cfeec1caea80b0,False,0.9.0,0.6824867961109091,0.866897758880529,0.08995420581947865,0.07213135139542953,TimesFM-3,"{""device"": ""cuda"", ""max_context_length"": 15360, ""use_variate_attention"": true}",torch==2.9.1+cu129,main
TimesFM-3,autogluon/fev_datasets,jena_weather_10T,144,20,-2880,144,1,,144,SQL,"['MASE', {'name': 'WAPE', 'epsilon': 1.0}, {'name': 'WQL', 'epsilon': 1.0}]","[0.1, 0.2, 0.3, 0.4, 0.5, 0.6, 0.7, 0.8, 0.9]",id,timestamp,"['target_0', 'target_1', 'target_10', 'target_11', 'target_12', 'target_13', 'target_14', 'target_15', 'target_16', 'target_17', 'target_18', 'target_19', 'target_2', 'target_20', 'target_3', 'target_4', 'target_5', 'target_6', 'target_7', 'target_8', 'target_9']",,[],[],[],jena_weather_10T,0.33958078467696234,0.0,39.50812657098868,420,f282b4847b0fa42f,False,0.9.0,0.33958078467696234,0.41827155206303746,0.2412399283604696,0.2074284678513192,TimesFM-3,"{""device"": ""cuda"", ""max_context_length"": 15360, ""use_variate_attention"": true}",torch==2.9.1+cu129,main
TimesFM-3,autogluon/fev_datasets,jena_weather_1D,28,11,-308,28,1,,1,SQL,"['MASE', {'name': 'WAPE', 'epsilon': 1.0}, {'name': 'WQL', 'epsilon': 1.0}]","[0.1, 0.2, 0.3, 0.4, 0.5, 0.6, 0.7, 0.8, 0.9]",id,timestamp,"['target_0', 'target_1', 'target_10', 'target_11', 'target_12', 'target_13', 'target_14', 'target_15', 'target_16', 'target_17', 'target_18', 'target_19', 'target_2', 'target_20', 'target_3', 'target_4', 'target_5', 'target_6', 'target_7', 'target_8', 'target_9']",,[],[],[],jena_weather_1D,1.12681600297482,0.0,2.5907648160064127,231,1a27b4c17c028faa,False,0.9.0,1.12681600297482,1.4278685876185475,0.2750762217727335,0.22251264911498206,TimesFM-3,"{""device"": ""cuda"", ""max_context_length"": 15360, ""use_variate_attention"": true}",torch==2.9.1+cu129,main
TimesFM-3,autogluon/fev_datasets,jena_weather_1H,24,20,-480,24,1,,24,SQL,"['MASE', {'name': 'WAPE', 'epsilon': 1.0}, {'name': 'WQL', 'epsilon': 1.0}]","[0.1, 0.2, 0.3, 0.4, 0.5, 0.6, 0.7, 0.8, 0.9]",id,timestamp,"['target_0', 'target_1', 'target_10', 'target_11', 'target_12', 'target_13', 'target_14', 'target_15', 'target_16', 'target_17', 'target_18', 'target_19', 'target_2', 'target_20', 'target_3', 'target_4', 'target_5', 'target_6', 'target_7', 'target_8', 'target_9']",,[],[],[],jena_weather_1H,0.345835578237405,0.0,23.02323853294365,420,2f6aeba80fdc1cd6,False,0.9.0,0.345835578237405,0.4256470885419975,0.23773865750771708,0.2085923694916343,TimesFM-3,"{""device"": ""cuda"", ""max_context_length"": 15360, ""use_variate_attention"": true}",torch==2.9.1+cu129,main
TimesFM-3,autogluon/fev_datasets,bizitobs_l2c_1H,24,20,-480,24,1,,24,SQL,"['MASE', {'name': 'WAPE', 'epsilon': 1.0}, {'name': 'WQL', 'epsilon': 1.0}]","[0.1, 0.2, 0.3, 0.4, 0.5, 0.6, 0.7, 0.8, 0.9]",id,timestamp,"['target_0', 'target_1', 'target_2', 'target_3', 'target_4', 'target_5', 'target_6']",,[],[],[],bizitobs_l2c_1H,0.2871476429985234,0.0,6.908056302956538,140,5086a4a9f652e5eb,False,0.9.0,0.2871476429985234,0.36630028793170255,0.2971570439227129,0.23493716400539566,TimesFM-3,"{""device"": ""cuda"", ""max_context_length"": 15360, ""use_variate_attention"": true}",torch==2.9.1+cu129,main
TimesFM-3,autogluon/fev_datasets,bizitobs_l2c_5T,288,20,-5760,288,1,,288,SQL,"['MASE', {'name': 'WAPE', 'epsilon': 1.0}, {'name': 'WQL', 'epsilon': 1.0}]","[0.1, 0.2, 0.3, 0.4, 0.5, 0.6, 0.7, 0.8, 0.9]",id,timestamp,"['target_0', 'target_1', 'target_2', 'target_3', 'target_4', 'target_5', 'target_6']",,[],[],[],bizitobs_l2c_5T,0.301327036045649,0.0,25.886962140968535,140,b4503ff97e1503b2,False,0.9.0,0.301327036045649,0.37863791806714864,0.29654645646961264,0.25418551301006614,TimesFM-3,"{""device"": ""cuda"", ""max_context_length"": 15360, ""use_variate_attention"": true}",torch==2.9.1+cu129,main
TimesFM-3,autogluon/fev_datasets,australian_tourism,8,2,-16,8,1,,4,SQL,"['MASE', {'name': 'WAPE', 'epsilon': 1.0}, {'name': 'WQL', 'epsilon': 1.0}]","[0.1, 0.2, 0.3, 0.4, 0.5, 0.6, 0.7, 0.8, 0.9]",id,timestamp,target,,[],[],[],australian_tourism,0.7906486553291587,0.0,1.0857704200025182,178,1e4085df5e783d27,False,0.9.0,0.7906486553291587,0.9759334080328321,0.0994888445942915,0.07925758437391947,TimesFM-3,"{""device"": ""cuda"", ""max_context_length"": 15360, ""use_variate_attention"": true}",torch==2.9.1+cu129,main
TimesFM-3,autogluon/fev_datasets,world_tourism,5,2,-10,5,1,,1,SQL,"['MASE', {'name': 'WAPE', 'epsilon': 1.0}, {'name': 'WQL', 'epsilon': 1.0}]","[0.1, 0.2, 0.3, 0.4, 0.5, 0.6, 0.7, 0.8, 0.9]",id,timestamp,target,,[],[],[],world_tourism,2.676663025726656,0.0,1.7738483810098842,356,75832161ec2a863b,False,0.9.0,2.676663025726656,3.123709787778118,0.06411952045285105,0.051877656392431415,TimesFM-3,"{""device"": ""cuda"", ""max_context_length"": 15360, ""use_variate_attention"": true}",torch==2.9.1+cu129,main
TimesFM-3,autogluon/fev_datasets,world_co2_emissions,5,9,-45,5,1,,1,SQL,"['MASE', {'name': 'WAPE', 'epsilon': 1.0}, {'name': 'WQL', 'epsilon': 1.0}]","[0.1, 0.2, 0.3, 0.4, 0.5, 0.6, 0.7, 0.8, 0.9]",id,timestamp,target,,[],[],[],world_co2_emissions,2.779922771962384,0.0,8.051135135028744,1719,a5e8be4e2bf79316,False,0.9.0,2.779922771962384,3.280976446040457,0.08335398808811696,0.07308985539454346,TimesFM-3,"{""device"": ""cuda"", ""max_context_length"": 15360, ""use_variate_attention"": true}",torch==2.9.1+cu129,main
TimesFM-3,autogluon/fev_datasets,world_life_expectancy,5,10,-50,5,1,,1,SQL,"['MASE', {'name': 'WAPE', 'epsilon': 1.0}, {'name': 'WQL', 'epsilon': 1.0}]","[0.1, 0.2, 0.3, 0.4, 0.5, 0.6, 0.7, 0.8, 0.9]",id,timestamp,target,,[],[],[],world_life_expectancy,1.1368229938120438,0.0,11.864174329995876,2370,d5fc26c08587c577,False,0.9.0,1.1368229938120438,1.372446063364293,0.011068333394937327,0.009180991516443084,TimesFM-3,"{""device"": ""cuda"", ""max_context_length"": 15360, ""use_variate_attention"": true}",torch==2.9.1+cu129,main
TimesFM-3,autogluon/fev_datasets,ercot_1H,168,20,-3360,168,1,,24,SQL,"['MASE', {'name': 'WAPE', 'epsilon': 1.0}, {'name': 'WQL', 'epsilon': 1.0}]","[0.1, 0.2, 0.3, 0.4, 0.5, 0.6, 0.7, 0.8, 0.9]",id,timestamp,target,,[],[],[],ercot_1H,1.0001701257308853,0.0,32.4294629819924,160,0491dedcd52b378f,False,0.9.0,1.0001701257308853,1.2964930940110988,0.06605767026189584,0.050574724997050756,TimesFM-3,"{""device"": ""cuda"", ""max_context_length"": 15360, ""use_variate_attention"": true}",torch==2.9.1+cu129,main
TimesFM-3,autogluon/fev_datasets,ercot_1D,28,20,-560,28,1,,7,SQL,"['MASE', {'name': 'WAPE', 'epsilon': 1.0}, {'name': 'WQL', 'epsilon': 1.0}]","[0.1, 0.2, 0.3, 0.4, 0.5, 0.6, 0.7, 0.8, 0.9]",id,timestamp,target,,[],[],[],ercot_1D,0.7795466383050111,0.0,14.577997881977353,160,6ecb9443fa279368,False,0.9.0,0.7795466383050111,0.9858990243340118,0.07324374990015792,0.057445607722977986,TimesFM-3,"{""device"": ""cuda"", ""max_context_length"": 15360, ""use_variate_attention"": true}",torch==2.9.1+cu129,main
TimesFM-3,autogluon/fev_datasets,ercot_1W,13,20,-260,13,1,,1,SQL,"['MASE', {'name': 'WAPE', 'epsilon': 1.0}, {'name': 'WQL', 'epsilon': 1.0}]","[0.1, 0.2, 0.3, 0.4, 0.5, 0.6, 0.7, 0.8, 0.9]",id,timestamp,target,,[],[],[],ercot_1W,0.9105612611621734,0.0,5.198147941031493,160,cfdfcbedb2a06661,False,0.9.0,0.9105612611621734,1.1672176105822865,0.058310455445618734,0.04524103095504202,TimesFM-3,"{""device"": ""cuda"", ""max_context_length"": 15360, ""use_variate_attention"": true}",torch==2.9.1+cu129,main
TimesFM-3,autogluon/fev_datasets,ercot_1M,12,15,-180,12,1,,12,SQL,"['MASE', {'name': 'WAPE', 'epsilon': 1.0}, {'name': 'WQL', 'epsilon': 1.0}]","[0.1, 0.2, 0.3, 0.4, 0.5, 0.6, 0.7, 0.8, 0.9]",id,timestamp,target,,[],[],[],ercot_1M,0.7642092184408491,0.0,3.326185616024304,120,011c8f0da7adf3d3,False,0.9.0,0.7642092184408491,0.9771301123475244,0.04962672376046715,0.03857398105970076,TimesFM-3,"{""device"": ""cuda"", ""max_context_length"": 15360, ""use_variate_attention"": true}",torch==2.9.1+cu129,main
TimesFM-3,autogluon/fev_datasets,uk_covid_utla_1D,28,10,-280,28,1,,7,SQL,"['MASE', {'name': 'WAPE', 'epsilon': 1.0}, {'name': 'WQL', 'epsilon': 1.0}]","[0.1, 0.2, 0.3, 0.4, 0.5, 0.6, 0.7, 0.8, 0.9]",id,timestamp,new_cases,,[],[],[],uk_covid_utla_1D/new,3.5892216256682294,0.0,17.385552491992712,2140,0fbe9de480e6e714,False,0.9.0,3.5892216256682294,4.3370112539308465,0.44056859896656747,0.36525951007121915,TimesFM-3,"{""device"": ""cuda"", ""max_context_length"": 15360, ""use_variate_attention"": true}",torch==2.9.1+cu129,main
TimesFM-3,autogluon/fev_datasets,uk_covid_utla_1W,13,5,-65,13,1,,1,SQL,"['MASE', {'name': 'WAPE', 'epsilon': 1.0}, {'name': 'WQL', 'epsilon': 1.0}]","[0.1, 0.2, 0.3, 0.4, 0.5, 0.6, 0.7, 0.8, 0.9]",id,timestamp,cumulative_cases,,[],[],[],uk_covid_utla_1W/cumulative,15.334995284726073,0.0,6.122898818022804,1070,75f676e7203bb3c3,False,0.9.0,15.334995284726073,17.340780485028077,0.16840672900003914,0.14802997912509,TimesFM-3,"{""device"": ""cuda"", ""max_context_length"": 15360, ""use_variate_attention"": true}",torch==2.9.1+cu129,main
TimesFM-3,autogluon/fev_datasets,uk_covid_nation_1D,28,20,-560,28,1,,7,SQL,"['MASE', {'name': 'WAPE', 'epsilon': 1.0}, {'name': 'WQL', 'epsilon': 1.0}]","[0.1, 0.2, 0.3, 0.4, 0.5, 0.6, 0.7, 0.8, 0.9]",id,timestamp,"['new_admissions', 'new_cases', 'new_deaths']",,[],"['hospital_cases', 'icu_ventilator_occupancy', 'new_vaccinated_1', 'new_vaccinated_2', 'new_vaccinated_3']",[],uk_covid_nation_1D/new,1.9971275886055868,0.0,5.221319853968453,240,219e616360979c01,False,0.9.0,1.9971275886055868,2.4006917172629563,0.3573702930308215,0.2872667699915157,TimesFM-3,"{""device"": ""cuda"", ""max_context_length"": 15360, ""use_variate_attention"": true}",torch==2.9.1+cu129,main
TimesFM-3,autogluon/fev_datasets,uk_covid_nation_1D,28,20,-560,28,1,,1,SQL,"['MASE', {'name': 'WAPE', 'epsilon': 1.0}, {'name': 'WQL', 'epsilon': 1.0}]","[0.1, 0.2, 0.3, 0.4, 0.5, 0.6, 0.7, 0.8, 0.9]",id,timestamp,"['cumulative_admissions', 'cumulative_cases', 'cumulative_deaths']",,[],"['cumulative_vaccinated_1', 'cumulative_vaccinated_2', 'cumulative_vaccinated_3', 'hospital_cases', 'icu_ventilator_occupancy']",[],uk_covid_nation_1D/cumulative,6.424636279315936,0.0,5.232386300951475,240,219e616360979c01,False,0.9.0,6.424636279315936,7.856384718580098,0.021557830146373462,0.017071593137275066,TimesFM-3,"{""device"": ""cuda"", ""max_context_length"": 15360, ""use_variate_attention"": true}",torch==2.9.1+cu129,main
TimesFM-3,autogluon/fev_datasets,uk_covid_nation_1W,8,4,-32,8,1,,1,SQL,"['MASE', {'name': 'WAPE', 'epsilon': 1.0}, {'name': 'WQL', 'epsilon': 1.0}]","[0.1, 0.2, 0.3, 0.4, 0.5, 0.6, 0.7, 0.8, 0.9]",id,timestamp,"['new_admissions', 'new_cases', 'new_deaths']",,[],"['hospital_cases', 'icu_ventilator_occupancy', 'new_vaccinated_1', 'new_vaccinated_2', 'new_vaccinated_3']",[],uk_covid_nation_1W/new,4.226238575228317,0.0,0.9700817700068001,48,0474128d4d22e604,False,0.9.0,4.226238575228317,5.035923927789792,0.6058795209223631,0.5017617347948389,TimesFM-3,"{""device"": ""cuda"", ""max_context_length"": 15360, ""use_variate_attention"": true}",torch==2.9.1+cu129,main
TimesFM-3,autogluon/fev_datasets,uk_covid_nation_1W,8,4,-32,8,1,,1,SQL,"['MASE', {'name': 'WAPE', 'epsilon': 1.0}, {'name': 'WQL', 'epsilon': 1.0}]","[0.1, 0.2, 0.3, 0.4, 0.5, 0.6, 0.7, 0.8, 0.9]",id,timestamp,"['cumulative_admissions', 'cumulative_cases', 'cumulative_deaths']",,[],"['cumulative_vaccinated_1', 'cumulative_vaccinated_2', 'cumulative_vaccinated_3', 'hospital_cases', 'icu_ventilator_occupancy']",[],uk_covid_nation_1W/cumulative,3.8975261928491003,0.0,0.9547109310224187,48,0474128d4d22e604,False,0.9.0,3.8975261928491003,4.816740526465837,0.05033874387605057,0.03956922136584351,TimesFM-3,"{""device"": ""cuda"", ""max_context_length"": 15360, ""use_variate_attention"": true}",torch==2.9.1+cu129,main
TimesFM-3,autogluon/fev_datasets,ecdc_ili,13,10,-130,13,1,,1,SQL,"['MASE', {'name': 'WAPE', 'epsilon': 1.0}, {'name': 'WQL', 'epsilon': 1.0}]","[0.1, 0.2, 0.3, 0.4, 0.5, 0.6, 0.7, 0.8, 0.9]",id,timestamp,target,,[],[],[],ecdc_ili,2.1446232828001244,0.0,2.394062456995016,240,75635e1d250bcf4d,False,0.9.0,2.1446232828001244,2.615164939349109,0.3769655916955149,0.3212287340998438,TimesFM-3,"{""device"": ""cuda"", ""max_context_length"": 15360, ""use_variate_attention"": true}",torch==2.9.1+cu129,main
TimesFM-3,autogluon/fev_datasets,boomlet_1062,288,20,-5760,288,1,,288,SQL,"['MASE', {'name': 'WAPE', 'epsilon': 1.0}, {'name': 'WQL', 'epsilon': 1.0}]","[0.1, 0.2, 0.3, 0.4, 0.5, 0.6, 0.7, 0.8, 0.9]",id,timestamp,"['target_0', 'target_1', 'target_10', 'target_11', 'target_12', 'target_13', 'target_14', 'target_15', 'target_16', 'target_17', 'target_18', 'target_19', 'target_2', 'target_20', 'target_3', 'target_4', 'target_5', 'target_6', 'target_7', 'target_8', 'target_9']",,[],[],[],boomlet_1062,0.545073086971257,0.0,34.50214784295531,420,01d2a86c11c06978,False,0.9.0,0.545073086971257,0.6744198992396585,0.5671038662289672,0.4531764852243817,TimesFM-3,"{""device"": ""cuda"", ""max_context_length"": 15360, ""use_variate_attention"": true}",torch==2.9.1+cu129,main
TimesFM-3,autogluon/fev_datasets,boomlet_1209,288,20,-5760,288,1,,288,SQL,"['MASE', {'name': 'WAPE', 'epsilon': 1.0}, {'name': 'WQL', 'epsilon': 1.0}]","[0.1, 0.2, 0.3, 0.4, 0.5, 0.6, 0.7, 0.8, 0.9]",id,timestamp,"['target_0', 'target_1', 'target_10', 'target_11', 'target_12', 'target_13', 'target_14', 'target_15', 'target_16', 'target_17', 'target_18', 'target_19', 'target_2', 'target_20', 'target_21', 'target_22', 'target_23', 'target_24', 'target_25', 'target_26', 'target_27', 'target_28', 'target_29', 'target_3', 'target_30', 'target_31', 'target_32', 'target_33', 'target_34', 'target_35', 'target_36', 'target_37', 'target_38', 'target_39', 'target_4', 'target_40', 'target_41', 'target_42', 'target_43', 'target_44', 'target_45', 'target_46', 'target_47', 'target_48', 'target_49', 'target_5', 'target_50', 'target_51', 'target_52', 'target_6', 'target_7', 'target_8', 'target_9']",,[],[],[],boomlet_1209,0.6480147087547365,0.0,88.01925879804185,1060,6e00e283ab292953,False,0.9.0,0.6480147087547365,0.7619805644623077,0.2871072670621588,0.24317101317726322,TimesFM-3,"{""device"": ""cuda"", ""max_context_length"": 15360, ""use_variate_attention"": true}",torch==2.9.1+cu129,main
TimesFM-3,autogluon/fev_datasets,boomlet_1225,60,20,-1200,60,1,,1440,SQL,"['MASE', {'name': 'WAPE', 'epsilon': 1.0}, {'name': 'WQL', 'epsilon': 1.0}]","[0.1, 0.2, 0.3, 0.4, 0.5, 0.6, 0.7, 0.8, 0.9]",id,timestamp,"['target_0', 'target_1', 'target_10', 'target_11', 'target_12', 'target_13', 'target_14', 'target_15', 'target_16', 'target_17', 'target_18', 'target_19', 'target_2', 'target_20', 'target_21', 'target_22', 'target_23', 'target_24', 'target_25', 'target_26', 'target_27', 'target_28', 'target_29', 'target_3', 'target_30', 'target_31', 'target_32', 'target_33', 'target_34', 'target_35', 'target_36', 'target_37', 'target_38', 'target_39', 'target_4', 'target_40', 'target_41', 'target_42', 'target_43', 'target_44', 'target_45', 'target_46', 'target_47', 'target_48', 'target_5', 'target_6', 'target_7', 'target_8', 'target_9']",,[],[],[],boomlet_1225,0.18417059465519212,0.0,99.38309947293601,980,7c58ff0b5706b3a2,False,0.9.0,0.18417059465519212,0.2301430900012656,0.12108888815899779,0.09718516777310715,TimesFM-3,"{""device"": ""cuda"", ""max_context_length"": 15360, ""use_variate_attention"": true}",torch==2.9.1+cu129,main
TimesFM-3,autogluon/fev_datasets,boomlet_1230,288,20,-5760,288,1,,288,SQL,"['MASE', {'name': 'WAPE', 'epsilon': 1.0}, {'name': 'WQL', 'epsilon': 1.0}]","[0.1, 0.2, 0.3, 0.4, 0.5, 0.6, 0.7, 0.8, 0.9]",id,timestamp,"['target_0', 'target_1', 'target_10', 'target_11', 'target_12', 'target_13', 'target_14', 'target_15', 'target_16', 'target_17', 'target_18', 'target_19', 'target_2', 'target_20', 'target_21', 'target_22', 'target_3', 'target_4', 'target_5', 'target_6', 'target_7', 'target_8', 'target_9']",,[],[],[],boomlet_1230,1.154338603170769,0.0,36.40246884096996,460,a80d10969639f053,False,0.9.0,1.154338603170769,1.3308504002887582,0.2917740621065117,0.2452440785346197,TimesFM-3,"{""device"": ""cuda"", ""max_context_length"": 15360, ""use_variate_attention"": true}",torch==2.9.1+cu129,main
TimesFM-3,autogluon/fev_datasets,boomlet_1282,60,20,-1200,60,1,,1440,SQL,"['MASE', {'name': 'WAPE', 'epsilon': 1.0}, {'name': 'WQL', 'epsilon': 1.0}]","[0.1, 0.2, 0.3, 0.4, 0.5, 0.6, 0.7, 0.8, 0.9]",id,timestamp,"['target_0', 'target_1', 'target_10', 'target_11', 'target_12', 'target_13', 'target_14', 'target_15', 'target_16', 'target_17', 'target_18', 'target_19', 'target_2', 'target_20', 'target_21', 'target_22', 'target_23', 'target_24', 'target_25', 'target_26', 'target_27', 'target_28', 'target_29', 'target_3', 'target_30', 'target_31', 'target_32', 'target_33', 'target_34', 'target_4', 'target_5', 'target_6', 'target_7', 'target_8', 'target_9']",,[],[],[],boomlet_1282,0.3957325426509972,0.0,98.29333322789171,700,f160466a9db43940,False,0.9.0,0.3957325426509972,0.4818496403991621,0.33314679526602087,0.27112539449778356,TimesFM-3,"{""device"": ""cuda"", ""max_context_length"": 15360, ""use_variate_attention"": true}",torch==2.9.1+cu129,main
TimesFM-3,autogluon/fev_datasets,boomlet_1487,288,20,-5760,288,1,,288,SQL,"['MASE', {'name': 'WAPE', 'epsilon': 1.0}, {'name': 'WQL', 'epsilon': 1.0}]","[0.1, 0.2, 0.3, 0.4, 0.5, 0.6, 0.7, 0.8, 0.9]",id,timestamp,"['target_0', 'target_1', 'target_10', 'target_11', 'target_12', 'target_13', 'target_14', 'target_15', 'target_16', 'target_17', 'target_18', 'target_19', 'target_2', 'target_20', 'target_21', 'target_22', 'target_23', 'target_24', 'target_25', 'target_26', 'target_27', 'target_28', 'target_29', 'target_3', 'target_30', 'target_31', 'target_32', 'target_33', 'target_34', 'target_35', 'target_36', 'target_37', 'target_38', 'target_39', 'target_4', 'target_40', 'target_41', 'target_42', 'target_43', 'target_44', 'target_45', 'target_46', 'target_47', 'target_48', 'target_49', 'target_5', 'target_50', 'target_51', 'target_52', 'target_53', 'target_6', 'target_7', 'target_8', 'target_9']",,[],[],[],boomlet_1487,0.4058912400320077,0.0,88.40106583302259,1080,59b22b82ab30b004,False,0.9.0,0.4058912400320077,0.4950756406004076,0.1951027913371137,0.15981646101933328,TimesFM-3,"{""device"": ""cuda"", ""max_context_length"": 15360, ""use_variate_attention"": true}",torch==2.9.1+cu129,main
TimesFM-3,autogluon/fev_datasets,boomlet_1631,96,20,-1920,96,1,,48,SQL,"['MASE', {'name': 'WAPE', 'epsilon': 1.0}, {'name': 'WQL', 'epsilon': 1.0}]","[0.1, 0.2, 0.3, 0.4, 0.5, 0.6, 0.7, 0.8, 0.9]",id,timestamp,"['target_0', 'target_1', 'target_10', 'target_11', 'target_12', 'target_13', 'target_14', 'target_15', 'target_16', 'target_17', 'target_18', 'target_19', 'target_2', 'target_20', 'target_21', 'target_22', 'target_23', 'target_24', 'target_25', 'target_26', 'target_27', 'target_28', 'target_29', 'target_3', 'target_30', 'target_31', 'target_32', 'target_33', 'target_34', 'target_35', 'target_36', 'target_37', 'target_38', 'target_39', 'target_4', 'target_5', 'target_6', 'target_7', 'target_8', 'target_9']",,[],[],[],boomlet_1631,0.5753262618120247,0.0,63.209187372005545,800,5c6c2254592aca88,False,0.9.0,0.5753262618120247,0.719282038289408,0.3137391686503914,0.2503058037360793,TimesFM-3,"{""device"": ""cuda"", ""max_context_length"": 15360, ""use_variate_attention"": true}",torch==2.9.1+cu129,main
TimesFM-3,autogluon/fev_datasets,boomlet_1676,96,20,-1920,96,1,,48,SQL,"['MASE', {'name': 'WAPE', 'epsilon': 1.0}, {'name': 'WQL', 'epsilon': 1.0}]","[0.1, 0.2, 0.3, 0.4, 0.5, 0.6, 0.7, 0.8, 0.9]",id,timestamp,"['target_0', 'target_1', 'target_10', 'target_11', 'target_12', 'target_13', 'target_14', 'target_15', 'target_16', 'target_17', 'target_18', 'target_19', 'target_2', 'target_20', 'target_21', 'target_22', 'target_23', 'target_24', 'target_25', 'target_26', 'target_27', 'target_28', 'target_29', 'target_3', 'target_30', 'target_31', 'target_32', 'target_33', 'target_34', 'target_35', 'target_36', 'target_37', 'target_38', 'target_39', 'target_4', 'target_40', 'target_41', 'target_42', 'target_43', 'target_44', 'target_45', 'target_46', 'target_47', 'target_48', 'target_49', 'target_5', 'target_50', 'target_51', 'target_52', 'target_53', 'target_54', 'target_55', 'target_56', 'target_57', 'target_58', 'target_59', 'target_6', 'target_60', 'target_61', 'target_62', 'target_63', 'target_64', 'target_65', 'target_66', 'target_67', 'target_68', 'target_69', 'target_7', 'target_70', 'target_71', 'target_72', 'target_73', 'target_74', 'target_75', 'target_76', 'target_77', 'target_78', 'target_79', 'target_8', 'target_80', 'target_81', 'target_82', 'target_83', 'target_84', 'target_85', 'target_86', 'target_87', 'target_88', 'target_89', 'target_9', 'target_90', 'target_91', 'target_92', 'target_93', 'target_94', 'target_95', 'target_96', 'target_97', 'target_98', 'target_99']",,[],[],[],boomlet_1676,0.5543373290662764,0.0,129.10203291097423,2000,8fc1e0faac585fd5,False,0.9.0,0.5543373290662764,0.6908560000052855,0.3147755429098723,0.24715791265796555,TimesFM-3,"{""device"": ""cuda"", ""max_context_length"": 15360, ""use_variate_attention"": true}",torch==2.9.1+cu129,main
TimesFM-3,autogluon/fev_datasets,boomlet_1855,24,20,-480,24,1,,24,SQL,"['MASE', {'name': 'WAPE', 'epsilon': 1.0}, {'name': 'WQL', 'epsilon': 1.0}]","[0.1, 0.2, 0.3, 0.4, 0.5, 0.6, 0.7, 0.8, 0.9]",id,timestamp,"['target_0', 'target_1', 'target_10', 'target_11', 'target_12', 'target_13', 'target_14', 'target_15', 'target_16', 'target_17', 'target_18', 'target_19', 'target_2', 'target_20', 'target_21', 'target_22', 'target_23', 'target_24', 'target_25', 'target_26', 'target_27', 'target_28', 'target_29', 'target_3', 'target_30', 'target_31', 'target_32', 'target_33', 'target_34', 'target_35', 'target_36', 'target_37', 'target_38', 'target_39', 'target_4', 'target_40', 'target_41', 'target_42', 'target_43', 'target_44', 'target_45', 'target_46', 'target_47', 'target_48', 'target_49', 'target_5', 'target_50', 'target_51', 'target_6', 'target_7', 'target_8', 'target_9']",,[],[],[],boomlet_1855,0.4509140804499353,0.0,37.62637686505332,1040,e42df5ebc5c69006,False,0.9.0,0.4509140804499353,0.5288811681827544,0.15802908752057104,0.13524572821436393,TimesFM-3,"{""device"": ""cuda"", ""max_context_length"": 15360, ""use_variate_attention"": true}",torch==2.9.1+cu129,main
TimesFM-3,autogluon/fev_datasets,boomlet_1975,24,20,-480,24,1,,24,SQL,"['MASE', {'name': 'WAPE', 'epsilon': 1.0}, {'name': 'WQL', 'epsilon': 1.0}]","[0.1, 0.2, 0.3, 0.4, 0.5, 0.6, 0.7, 0.8, 0.9]",id,timestamp,"['target_0', 'target_1', 'target_10', 'target_11', 'target_12', 'target_13', 'target_14', 'target_15', 'target_16', 'target_17', 'target_18', 'target_19', 'target_2', 'target_20', 'target_21', 'target_22', 'target_23', 'target_24', 'target_25', 'target_26', 'target_27', 'target_28', 'target_29', 'target_3', 'target_30', 'target_31', 'target_32', 'target_33', 'target_34', 'target_35', 'target_36', 'target_37', 'target_38', 'target_39', 'target_4', 'target_40', 'target_41', 'target_42', 'target_43', 'target_44', 'target_45', 'target_46', 'target_47', 'target_48', 'target_49', 'target_5', 'target_50', 'target_51', 'target_52', 'target_53', 'target_54', 'target_55', 'target_56', 'target_57', 'target_58', 'target_59', 'target_6', 'target_60', 'target_61', 'target_62', 'target_63', 'target_64', 'target_65', 'target_66', 'target_67', 'target_68', 'target_69', 'target_7', 'target_70', 'target_71', 'target_72', 'target_73', 'target_74', 'target_8', 'target_9']",,[],[],[],boomlet_1975,0.1271451495260023,0.0,56.69226358196465,1500,7269b3f2687a7a38,False,0.9.0,0.1271451495260023,0.14797584262755198,0.08564761942507546,0.07381925901617221,TimesFM-3,"{""device"": ""cuda"", ""max_context_length"": 15360, ""use_variate_attention"": true}",torch==2.9.1+cu129,main
TimesFM-3,autogluon/fev_datasets,boomlet_2187,24,20,-480,24,1,,24,SQL,"['MASE', {'name': 'WAPE', 'epsilon': 1.0}, {'name': 'WQL', 'epsilon': 1.0}]","[0.1, 0.2, 0.3, 0.4, 0.5, 0.6, 0.7, 0.8, 0.9]",id,timestamp,"['target_0', 'target_1', 'target_10', 'target_11', 'target_12', 'target_13', 'target_14', 'target_15', 'target_16', 'target_17', 'target_18', 'target_19', 'target_2', 'target_20', 'target_21', 'target_22', 'target_23', 'target_24', 'target_25', 'target_26', 'target_27', 'target_28', 'target_29', 'target_3', 'target_30', 'target_31', 'target_32', 'target_33', 'target_34', 'target_35', 'target_36', 'target_37', 'target_38', 'target_39', 'target_4', 'target_40', 'target_41', 'target_42', 'target_43', 'target_44', 'target_45', 'target_46', 'target_47', 'target_48', 'target_49', 'target_5', 'target_50', 'target_51', 'target_52', 'target_53', 'target_54', 'target_55', 'target_56', 'target_57', 'target_58', 'target_59', 'target_6', 'target_60', 'target_61', 'target_62', 'target_63', 'target_64', 'target_65', 'target_66', 'target_67', 'target_68', 'target_69', 'target_7', 'target_70', 'target_71', 'target_72', 'target_73', 'target_74', 'target_75', 'target_76', 'target_77', 'target_78', 'target_79', 'target_8', 'target_80', 'target_81', 'target_82', 'target_83', 'target_84', 'target_85', 'target_86', 'target_87', 'target_88', 'target_89', 'target_9', 'target_90', 'target_91', 'target_92', 'target_93', 'target_94', 'target_95', 'target_96', 'target_97', 'target_98', 'target_99']",,[],[],[],boomlet_2187,0.7140342992183448,0.0,77.45948359702015,2000,f89e4ce5d8bbcbe9,False,0.9.0,0.7140342992183448,0.8160031210612013,0.2679296230181853,0.23253238474725185,TimesFM-3,"{""device"": ""cuda"", ""max_context_length"": 15360, ""use_variate_attention"": true}",torch==2.9.1+cu129,main
TimesFM-3,autogluon/fev_datasets,boomlet_285,60,20,-1200,60,1,,1440,SQL,"['MASE', {'name': 'WAPE', 'epsilon': 1.0}, {'name': 'WQL', 'epsilon': 1.0}]","[0.1, 0.2, 0.3, 0.4, 0.5, 0.6, 0.7, 0.8, 0.9]",id,timestamp,"['target_0', 'target_1', 'target_10', 'target_11', 'target_12', 'target_13', 'target_14', 'target_15', 'target_16', 'target_17', 'target_18', 'target_19', 'target_2', 'target_20', 'target_21', 'target_22', 'target_23', 'target_24', 'target_25', 'target_26', 'target_27', 'target_28', 'target_29', 'target_3', 'target_30', 'target_31', 'target_32', 'target_33', 'target_34', 'target_35', 'target_36', 'target_37', 'target_38', 'target_39', 'target_4', 'target_40', 'target_41', 'target_42', 'target_43', 'target_44', 'target_45', 'target_46', 'target_47', 'target_48', 'target_49', 'target_5', 'target_50', 'target_51', 'target_52', 'target_53', 'target_54', 'target_55', 'target_56', 'target_57', 'target_58', 'target_59', 'target_6', 'target_60', 'target_61', 'target_62', 'target_63', 'target_64', 'target_65', 'target_66', 'target_67', 'target_68', 'target_69', 'target_7', 'target_70', 'target_71', 'target_72', 'target_73', 'target_74', 'target_8', 'target_9']",,[],[],[],boomlet_285,0.29594668332309365,0.0,150.71655186195858,1500,3c3854b73442b2f1,False,0.9.0,0.29594668332309365,0.34555605378990784,0.16175435765536625,0.13770467536911196,TimesFM-3,"{""device"": ""cuda"", ""max_context_length"": 15360, ""use_variate_attention"": true}",torch==2.9.1+cu129,main
TimesFM-3,autogluon/fev_datasets,boomlet_619,60,20,-1200,60,1,,1440,SQL,"['MASE', {'name': 'WAPE', 'epsilon': 1.0}, {'name': 'WQL', 'epsilon': 1.0}]","[0.1, 0.2, 0.3, 0.4, 0.5, 0.6, 0.7, 0.8, 0.9]",id,timestamp,"['target_0', 'target_1', 'target_10', 'target_11', 'target_12', 'target_13', 'target_14', 'target_15', 'target_16', 'target_17', 'target_18', 'target_19', 'target_2', 'target_20', 'target_21', 'target_22', 'target_23', 'target_24', 'target_25', 'target_26', 'target_27', 'target_28', 'target_29', 'target_3', 'target_30', 'target_31', 'target_32', 'target_33', 'target_34', 'target_35', 'target_36', 'target_37', 'target_38', 'target_39', 'target_4', 'target_40', 'target_41', 'target_42', 'target_43', 'target_44', 'target_45', 'target_46', 'target_47', 'target_48', 'target_49', 'target_5', 'target_50', 'target_51', 'target_6', 'target_7', 'target_8', 'target_9']",,[],[],[],boomlet_619,0.3104948050268289,0.0,99.91496851094416,1040,231a8d1219323379,False,0.9.0,0.3104948050268289,0.40219739969263235,0.27829599353239426,0.21703285681678902,TimesFM-3,"{""device"": ""cuda"", ""max_context_length"": 15360, ""use_variate_attention"": true}",torch==2.9.1+cu129,main
TimesFM-3,autogluon/fev_datasets,boomlet_772,60,20,-1200,60,1,,1440,SQL,"['MASE', {'name': 'WAPE', 'epsilon': 1.0}, {'name': 'WQL', 'epsilon': 1.0}]","[0.1, 0.2, 0.3, 0.4, 0.5, 0.6, 0.7, 0.8, 0.9]",id,timestamp,"['target_0', 'target_1', 'target_10', 'target_11', 'target_12', 'target_13', 'target_14', 'target_15', 'target_16', 'target_17', 'target_18', 'target_19', 'target_2', 'target_20', 'target_21', 'target_22', 'target_23', 'target_24', 'target_25', 'target_26', 'target_27', 'target_28', 'target_29', 'target_3', 'target_30', 'target_31', 'target_32', 'target_33', 'target_34', 'target_35', 'target_36', 'target_37', 'target_38', 'target_39', 'target_4', 'target_40', 'target_41', 'target_42', 'target_43', 'target_44', 'target_45', 'target_46', 'target_47', 'target_48', 'target_49', 'target_5', 'target_50', 'target_51', 'target_52', 'target_53', 'target_54', 'target_55', 'target_56', 'target_57', 'target_58', 'target_59', 'target_6', 'target_60', 'target_61', 'target_62', 'target_63', 'target_64', 'target_65', 'target_66', 'target_7', 'target_8', 'target_9']",,[],[],[],boomlet_772,0.276785855605769,0.0,149.6249645310454,1340,d47beed43239a526,False,0.9.0,0.276785855605769,0.32377371932508076,0.15353182075366037,0.12970397201054534,TimesFM-3,"{""device"": ""cuda"", ""max_context_length"": 15360, ""use_variate_attention"": true}",torch==2.9.1+cu129,main
TimesFM-3,autogluon/fev_datasets,boomlet_963,60,20,-1200,60,1,,1440,SQL,"['MASE', {'name': 'WAPE', 'epsilon': 1.0}, {'name': 'WQL', 'epsilon': 1.0}]","[0.1, 0.2, 0.3, 0.4, 0.5, 0.6, 0.7, 0.8, 0.9]",id,timestamp,"['target_0', 'target_1', 'target_10', 'target_11', 'target_12', 'target_13', 'target_14', 'target_15', 'target_16', 'target_17', 'target_18', 'target_19', 'target_2', 'target_20', 'target_21', 'target_22', 'target_23', 'target_24', 'target_25', 'target_26', 'target_27', 'target_3', 'target_4', 'target_5', 'target_6', 'target_7', 'target_8', 'target_9']",,[],[],[],boomlet_963,0.6928251891763623,0.0,46.46935895396746,560,ba4c4446a6d5a9b8,False,0.9.0,0.6928251891763623,0.8054213848804469,0.3730030925087927,0.3087802625592574,TimesFM-3,"{""device"": ""cuda"", ""max_context_length"": 15360, ""use_variate_attention"": true}",torch==2.9.1+cu129,main
TimesFM-3,autogluon/fev_datasets,fred_md_2025,12,20,-240,12,1,,1,SQL,"['MASE', {'name': 'WAPE', 'epsilon': 1.0}, {'name': 'WQL', 'epsilon': 1.0}]","[0.1, 0.2, 0.3, 0.4, 0.5, 0.6, 0.7, 0.8, 0.9]",id,timestamp,"['CPIAUCSL', 'FEDFUNDS', 'PAYEMS']",,[],"['M2REAL', 'NONBORRES', 'PPICMM', 'TOTRESNS']",[],fred_md_2025/cee,3.426803898734609,0.0,5.3739800589683,60,25e105fee7040a8a,False,0.9.0,3.426803898734609,4.114213320466752,0.07623215719007344,0.06343233673980853,TimesFM-3,"{""device"": ""cuda"", ""max_context_length"": 15360, ""use_variate_attention"": true}",torch==2.9.1+cu129,main
TimesFM-3,autogluon/fev_datasets,fred_qd_2025,8,20,-160,8,1,,1,SQL,"['MASE', {'name': 'WAPE', 'epsilon': 1.0}, {'name': 'WQL', 'epsilon': 1.0}]","[0.1, 0.2, 0.3, 0.4, 0.5, 0.6, 0.7, 0.8, 0.9]",id,timestamp,"['CPIAUCSL', 'FEDFUNDS', 'PAYEMS']",,[],"['M2REAL', 'NONBORRES', 'PPICMM', 'TOTRESNS']",[],fred_qd_2025/cee,1.6793907544594038,0.0,4.710424827993847,60,678e0a3fa180fec6,False,0.9.0,1.6793907544594038,2.0140227327848974,0.14066305719543057,0.1149091501179147,TimesFM-3,"{""device"": ""cuda"", ""max_context_length"": 15360, ""use_variate_attention"": true}",torch==2.9.1+cu129,main
TimesFM-3,autogluon/fev_datasets,fred_md_2025,12,20,-240,12,1,,1,SQL,"['MASE', {'name': 'WAPE', 'epsilon': 1.0}, {'name': 'WQL', 'epsilon': 1.0}]","[0.1, 0.2, 0.3, 0.4, 0.5, 0.6, 0.7, 0.8, 0.9]",id,timestamp,"['AAA', 'AWHMAN', 'BAA', 'BUSINVx', 'CPIAUCSL', 'CPIMEDSL', 'CUMFNS', 'DMANEMP', 'EXUSUKx', 'FEDFUNDS', 'GS1', 'GS10', 'GS5', 'HOUST', 'INDPRO', 'INVEST', 'IPBUSEQ', 'IPCONGD', 'IPDCONGD', 'IPDMAT', 'IPFINAL', 'IPMANSICS', 'IPMAT', 'IPNCONGD', 'IPNMAT', 'M2REAL', 'MANEMP', 'NDMANEMP', 'NONBORRES', 'PAYEMS', 'PERMIT', 'PPICMM', 'S&P 500', 'SRVPRD', 'TB3MS', 'TB6MS', 'TOTRESNS', 'UEMP15T26', 'UEMP27OV', 'UEMP5TO14', 'UEMPLT5', 'UEMPMEAN', 'UMCSENTx', 'UNRATE', 'USCONS', 'USFIRE', 'USGOOD', 'USGOVT', 'USTPU', 'USTRADE', 'VIXCLSx']",,[],[],[],fred_md_2025/macro,5.080041945595314,0.0,11.75487605505623,1020,25e105fee7040a8a,False,0.9.0,5.080041945595314,6.003273224511048,0.072091322442983,0.05901181572183437,TimesFM-3,"{""device"": ""cuda"", ""max_context_length"": 15360, ""use_variate_attention"": true}",torch==2.9.1+cu129,main
TimesFM-3,autogluon/fev_datasets,fred_qd_2025,8,20,-160,8,1,,1,SQL,"['MASE', {'name': 'WAPE', 'epsilon': 1.0}, {'name': 'WQL', 'epsilon': 1.0}]","[0.1, 0.2, 0.3, 0.4, 0.5, 0.6, 0.7, 0.8, 0.9]",id,timestamp,"['AAA', 'AWHMAN', 'BAA', 'BUSINVx', 'CPIAUCSL', 'CPIMEDSL', 'CUMFNS', 'DMANEMP', 'EXUSUKx', 'FEDFUNDS', 'GS1', 'GS10', 'GS5', 'HOUST', 'INDPRO', 'INVEST', 'IPBUSEQ', 'IPCONGD', 'IPDCONGD', 'IPDMAT', 'IPFINAL', 'IPMANSICS', 'IPMAT', 'IPNCONGD', 'IPNMAT', 'M2REAL', 'MANEMP', 'NDMANEMP', 'NONBORRES', 'PAYEMS', 'PERMIT', 'PPICMM', 'S&P 500', 'SRVPRD', 'TB3MS', 'TB6MS', 'TOTRESNS', 'UEMP15T26', 'UEMP27OV', 'UEMP5TO14', 'UEMPLT5', 'UEMPMEAN', 'UMCSENTx', 'UNRATE', 'USCONS', 'USFIRE', 'USGOOD', 'USGOVT', 'USTPU', 'USTRADE', 'VIXCLSx']",,[],[],[],fred_qd_2025/macro,3.3282656424426724,0.0,10.789585965918377,1020,678e0a3fa180fec6,False,0.9.0,3.3282656424426724,3.972155615026211,0.09730409840576584,0.08003799893397014,TimesFM-3,"{""device"": ""cuda"", ""max_context_length"": 15360, ""use_variate_attention"": true}",torch==2.9.1+cu129,main
TimesFM-3,autogluon/fev_datasets,us_consumption_1M,12,10,-120,12,1,,12,SQL,"['MASE', {'name': 'WAPE', 'epsilon': 1.0}, {'name': 'WQL', 'epsilon': 1.0}]","[0.1, 0.2, 0.3, 0.4, 0.5, 0.6, 0.7, 0.8, 0.9]",id,timestamp,target,,[],[],[],us_consumption_1M,1.4469223029244995,0.0,3.6675725509412587,310,d9a6d6331db3f539,False,0.9.0,1.4469223029244995,1.7259004665473419,0.023286757553836756,0.020302102725555472,TimesFM-3,"{""device"": ""cuda"", ""max_context_length"": 15360, ""use_variate_attention"": true}",torch==2.9.1+cu129,main
TimesFM-3,autogluon/fev_datasets,us_consumption_1Q,8,10,-80,8,1,,4,SQL,"['MASE', {'name': 'WAPE', 'epsilon': 1.0}, {'name': 'WQL', 'epsilon': 1.0}]","[0.1, 0.2, 0.3, 0.4, 0.5, 0.6, 0.7, 0.8, 0.9]",id,timestamp,target,,[],[],[],us_consumption_1Q,1.7102747072880269,0.0,2.6597085559915286,310,c069377671e8dcc0,False,0.9.0,1.7102747072880269,2.137764597011561,0.02990221908678454,0.025057250787147538,TimesFM-3,"{""device"": ""cuda"", ""max_context_length"": 15360, ""use_variate_attention"": true}",torch==2.9.1+cu129,main
TimesFM-3,autogluon/fev_datasets,us_consumption_1Y,5,10,-50,5,1,,1,SQL,"['MASE', {'name': 'WAPE', 'epsilon': 1.0}, {'name': 'WQL', 'epsilon': 1.0}]","[0.1, 0.2, 0.3, 0.4, 0.5, 0.6, 0.7, 0.8, 0.9]",id,timestamp,target,,[],[],[],us_consumption_1Y,3.6858607730744195,0.0,2.4176548299728893,310,1681829993c397b6,False,0.9.0,3.6858607730744195,4.455266935641795,0.05730147125869388,0.04711661378563088,TimesFM-3,"{""device"": ""cuda"", ""max_context_length"": 15360, ""use_variate_attention"": true}",torch==2.9.1+cu129,main
TimesFM-3,autogluon/fev_datasets,gvar,8,10,-80,8,1,,4,SQL,"['MASE', {'name': 'WAPE', 'epsilon': 1.0}, {'name': 'WQL', 'epsilon': 1.0}]","[0.1, 0.2, 0.3, 0.4, 0.5, 0.6, 0.7, 0.8, 0.9]",id,timestamp,"['Dp', 'ep', 'eq', 'lr', 'r', 'y']",,[],"['pmat', 'pmetal', 'poil']",[],gvar,0.5673247221989841,0.0,5.373649628949352,1980,76e95b6a695482a1,False,0.9.0,0.5673247221989841,0.6934148766205311,0.018373831450356287,0.014913527048166878,TimesFM-3,"{""device"": ""cuda"", ""max_context_length"": 15360, ""use_variate_attention"": true}",torch==2.9.1+cu129,main
